Cenário,Estratégia,Renda Mensal 2025,Renda Mensal 2026,Renda Mensal 2027,Capital Final 2027,Total Resgatado 3 anos
Realista,Sem Reinvestimento,9292.877604166664,8108.48515625,7432.569791666666,1000000.0,298007.19062499993
Realista,Reinvest 15%,7898.945963541664,7007.499657784218,6517.112078283805,1045367.5339521146,257082.69239531626
Realista,Reinvest 20%,7434.302083333331,6631.462352415488,6196.963295353763,1060788.1831933076,243152.73277323096
Otimista,Sem Reinvestimento,9255.924479166662,7884.052083333337,7232.463541666667,1000000.0,292469.28125
Otimista,Reinvest 15%,7867.535807291664,6813.094782563257,6338.712836334312,1044511.5507848713,252232.1211142708
Otimista,Reinvest 20%,7404.739583333331,6447.352112759118,6026.4142289360825,1059635.5177750858,238542.07110034238
Pessimista,Sem Reinvestimento,9348.307291666666,8517.41666666667,7953.997395833331,1000000.0,309836.65625
Pessimista,Reinvest 15%,7946.061197916665,7361.628012013349,6980.060962659948,1047197.5886007787,267453.00207107957
Pessimista,Reinvest 20%,7478.645833333332,6966.810315729169,6638.955806085706,1063253.2358654446,253012.9434617785
